Actual Spotify Name,Spotify URL,Spotify ID
"Afrobeat, Chill","https://open.spotify.com/playlist/2iig1p0w46f3lKUim5aCQP","2iig1p0w46f3lKUim5aCQP"
"Afrobeat, Groovers","https://open.spotify.com/playlist/7xeFi53HwuE8pNlftbK2lL","7xeFi53HwuE8pNlftbK2lL"
"Afrobeat, Heavy","https://open.spotify.com/playlist/52WUzKdwm9kgIYtJq3Pxfi","52WUzKdwm9kgIYtJq3Pxfi"
"Alex Kasau Katombi","https://open.spotify.com/playlist/4tNlGIW4EsLe0CwP5LWx6c","4tNlGIW4EsLe0CwP5LWx6c"
"Atom TM","https://open.spotify.com/playlist/4NL0LAlmsbr2W70g27Cycn","4NL0LAlmsbr2W70g27Cycn"
"Amapiano, Gospel","https://open.spotify.com/playlist/1pYn1uvmbNPPiarE2mT8SP","1pYn1uvmbNPPiarE2mT8SP"
"Amapiano, Private School","https://open.spotify.com/playlist/2HnPeP0Nfk6YpTBmxrS9U6","2HnPeP0Nfk6YpTBmxrS9U6"
"Amapiano, Starter Pack","https://open.spotify.com/playlist/0FQ3q1kXYX1hfN7N5n7yT6","0FQ3q1kXYX1hfN7N5n7yT6"
"Asakaa","https://open.spotify.com/playlist/2lni3fakT2CCFulvIWcOFt","2lni3fakT2CCFulvIWcOFt"
"Asakaa, Starter Pack","https://open.spotify.com/playlist/13IKYLFu60AscHVUcWwuv0","13IKYLFu60AscHVUcWwuv0"
"Benga & Kamba Pop, Modern","https://open.spotify.com/playlist/1JSCxZphCXqWqfq5pYrub9","1JSCxZphCXqWqfq5pYrub9"
"Benga & Kamba Pop, Vintage","https://open.spotify.com/playlist/0t6jRcP3uo3BSEEFvUsrxe","0t6jRcP3uo3BSEEFvUsrxe"
"Biama","https://open.spotify.com/playlist/3Q6gJfudcpuoV1rVScaD4x","3Q6gJfudcpuoV1rVScaD4x"
"Bikutsi","https://open.spotify.com/playlist/1WS40Xzfsrg37iKOXudtOk","1WS40Xzfsrg37iKOXudtOk"
"Bikutsi, Contemporary","https://open.spotify.com/playlist/0a8H55Hlj8sAUGkJs7tdnY","0a8H55Hlj8sAUGkJs7tdnY"
"Cabo Verde, Vintage R&B","https://open.spotify.com/playlist/1rbReWa0ajvTwJQJFiZYoH","1rbReWa0ajvTwJQJFiZYoH"
"Cabo Verde, Vintage Rock And Funk","https://open.spotify.com/playlist/6K9t5Ja3meB06K8Ffi691b","6K9t5Ja3meB06K8Ffi691b"
"Chimurenga","https://open.spotify.com/playlist/7xwKgLkCIFBhqXGeNEmTWz","7xwKgLkCIFBhqXGeNEmTWz"
"Coupé-décalé","https://open.spotify.com/playlist/0kOQEBaYZ3iy4vvwAQQJ4X","0kOQEBaYZ3iy4vvwAQQJ4X"
"Ethiopia, Blues","https://open.spotify.com/playlist/0vRmvfpw1bsPd4emjHOs9y","0vRmvfpw1bsPd4emjHOs9y"
"Ethiopia, Funk & Soul","https://open.spotify.com/playlist/09t24TcQoM3mYuB3WT5eu7","09t24TcQoM3mYuB3WT5eu7"
"Ethiopia, Jazz","https://open.spotify.com/playlist/4cJjQzwIDDCvLyn9B93XOd","4cJjQzwIDDCvLyn9B93XOd"
"Ethiopia, Jazz Vocal","https://open.spotify.com/playlist/4odZ0OheBc97joZ9YiWYfZ","4odZ0OheBc97joZ9YiWYfZ"
"Funaná","https://open.spotify.com/playlist/038RxzglexdTMi2RV8NIGf","038RxzglexdTMi2RV8NIGf"
"Acetone","https://open.spotify.com/playlist/5GbQEsE7cPTpxSXF2vRag7","5GbQEsE7cPTpxSXF2vRag7"
"Aleksi Perälä, Ambient","https://open.spotify.com/playlist/13FHf7pS4BFYgpSMO5cQ5t","13FHf7pS4BFYgpSMO5cQ5t"
"Aleksi Perälä, Ambient Beats","https://open.spotify.com/playlist/49kbHTAr0darDpdHdHdOFk","49kbHTAr0darDpdHdHdOFk"
"Aleksi Perälä, Beats","https://open.spotify.com/playlist/74uUwxODQwRR6b5Sn6cgze","74uUwxODQwRR6b5Sn6cgze"
"Alessandro Cortini","https://open.spotify.com/playlist/5xg8l4oRQTliZHWUMmbpog","5xg8l4oRQTliZHWUMmbpog"
"Hees Macaan","https://open.spotify.com/playlist/15XPRBJfwILv97ucd5DrHh","15XPRBJfwILv97ucd5DrHh"
"Hees Macaan, Starter Pack","https://open.spotify.com/playlist/4ZplzNGXYhoJzZ3qic1YH1","4ZplzNGXYhoJzZ3qic1YH1"
"Highlife, Vintage Jazzy","https://open.spotify.com/playlist/79sfOC33ieQMvylMkvYLnK","79sfOC33ieQMvylMkvYLnK"
"Amapiano","https://open.spotify.com/playlist/79M99hodUmv6FLQMVZ97lr","79M99hodUmv6FLQMVZ97lr"
"Kora","https://open.spotify.com/playlist/0zMqwNg0GC4Pg1YQn0R69k","0zMqwNg0GC4Pg1YQn0R69k"
"Ambient, Ancient","https://open.spotify.com/playlist/7AWO9lCenDDqGEMc5VwZzz","7AWO9lCenDDqGEMc5VwZzz"
"Ambient, Balearic","https://open.spotify.com/playlist/3h6tiKA7760RuHroRq4VUV","3h6tiKA7760RuHroRq4VUV"
"Ambient, Classical Swells","https://open.spotify.com/playlist/2prFQwqRESbg7m2yLW8TIA","2prFQwqRESbg7m2yLW8TIA"
"Ambient, Country","https://open.spotify.com/playlist/63tLUvVN2cyufFq9VBNB73","63tLUvVN2cyufFq9VBNB73"
"Ambient, Faded","https://open.spotify.com/playlist/4WIR9yiqhfdvTHRhqGGqON","4WIR9yiqhfdvTHRhqGGqON"
"Ambient, Floating","https://open.spotify.com/playlist/49zrvR1Mph2kjThFHrhXhw","49zrvR1Mph2kjThFHrhXhw"
"Ambient, Heartstrings","https://open.spotify.com/playlist/0czY51CRWCFNciREa0KMWS","0czY51CRWCFNciREa0KMWS"
"Kwaku DMC","https://open.spotify.com/playlist/2I3Y551Qnz3JHrsasUPJt9","2I3Y551Qnz3JHrsasUPJt9"
"Mahraganat","https://open.spotify.com/playlist/27gc1VLVQ0E6d7ZHUyfgLf","27gc1VLVQ0E6d7ZHUyfgLf"
"Mahraganat, Starter Pack","https://open.spotify.com/playlist/0Og9nutJw2eAP8seV8U6NY","0Og9nutJw2eAP8seV8U6NY"
"Makossa","https://open.spotify.com/playlist/7N3tj9ECjNH9nWpTFBcMrh","7N3tj9ECjNH9nWpTFBcMrh"
"Mbalax","https://open.spotify.com/playlist/2vDJPSyPsaVluvBe7fueHd","2vDJPSyPsaVluvBe7fueHd"
"Mbalax, Contemporary Pop","https://open.spotify.com/playlist/3N2lrPIai04h83Odpkf19j","3N2lrPIai04h83Odpkf19j"
"Mbalax, Contemporary Rap","https://open.spotify.com/playlist/0RsOLoaHWxPBYR5b6cfYPZ","0RsOLoaHWxPBYR5b6cfYPZ"
"Ambient, Japan","https://open.spotify.com/playlist/04qAy2I5Ojwp0hatwcTUQf","04qAy2I5Ojwp0hatwcTUQf"
"Mbira","https://open.spotify.com/playlist/1rYjf7xUGiYES9rQFoWJhX","1rYjf7xUGiYES9rQFoWJhX"
"Salegy & Kawitry","https://open.spotify.com/playlist/4N8p7ElBD9ul8Vt01hZhoi","4N8p7ElBD9ul8Vt01hZhoi"
"Salegy & Kawitry, Starter Pack","https://open.spotify.com/playlist/3cc2SwSPDVRheVL2ongzRb","3cc2SwSPDVRheVL2ongzRb"
"Ambient, Kompakt Queasy","https://open.spotify.com/playlist/5yMc5m6k38mikLv55hYZrp","5yMc5m6k38mikLv55hYZrp"
"Ambient, Outer Space","https://open.spotify.com/playlist/0IvCfBCJhAwRBapKm9eXsp","0IvCfBCJhAwRBapKm9eXsp"
"Tsapiky","https://open.spotify.com/playlist/2Zmb0eCGh5JpOd8QaUZffF","2Zmb0eCGh5JpOd8QaUZffF"
"Wawa Salegy","https://open.spotify.com/playlist/2dIeZLRgv0xi7GBxOM92lf","2dIeZLRgv0xi7GBxOM92lf"
"Ambient, Techno","https://open.spotify.com/playlist/5fs3FTwvwtq8YVSOmc0qRt","5fs3FTwvwtq8YVSOmc0qRt"
"Ambient, Water","https://open.spotify.com/playlist/0l4dVLG5CXpkkTFWRTbIfP","0l4dVLG5CXpkkTFWRTbIfP"
"Zouglou","https://open.spotify.com/playlist/5OuAAwRsFfsppPMBZXGQPT","5OuAAwRsFfsppPMBZXGQPT"
"Zouglou, Rapide","https://open.spotify.com/playlist/35ePSEtczTznJJQhGNkoHi","35ePSEtczTznJJQhGNkoHi"
"Yet They Say, Vol. 1","https://open.spotify.com/playlist/7r9P1JViiAMM5H9n2Qjb7b","7r9P1JViiAMM5H9n2Qjb7b"
"Arab Strap","https://open.spotify.com/playlist/2TD8uJo3YaK7ayv4XWJXul","2TD8uJo3YaK7ayv4XWJXul"
"Arthur Lyman, Chill","https://open.spotify.com/playlist/05lqPGIja6yCRdkAeg0rR5","05lqPGIja6yCRdkAeg0rR5"
"ASC, Ambient","https://open.spotify.com/playlist/2GTdCjTWSe4aLFjexf6xas","2GTdCjTWSe4aLFjexf6xas"
"ASC, Drum & Bass Dark","https://open.spotify.com/playlist/66FMyWSL4ai8HLFFEx8qeC","66FMyWSL4ai8HLFFEx8qeC"
"ASC, Drum & Bass Light","https://open.spotify.com/playlist/3YTUUD1qFCJdi6tA2CPJ2m","3YTUUD1qFCJdi6tA2CPJ2m"
"ASC, Electronica Dark","https://open.spotify.com/playlist/31fRkBUVMyAiEIextWgg1S","31fRkBUVMyAiEIextWgg1S"
"ASC, Electronica Light","https://open.spotify.com/playlist/4rPufV1Gi5hU04fma7ePV9","4rPufV1Gi5hU04fma7ePV9"
"ASC, Starter Pack","https://open.spotify.com/playlist/41LddJ20d8OEEn0JS4dPG5","41LddJ20d8OEEn0JS4dPG5"
"ASC, Techno","https://open.spotify.com/playlist/0xqNI7zlmk1WxI9BjC5dZ8","0xqNI7zlmk1WxI9BjC5dZ8"
"Atom TM, Ambient","https://open.spotify.com/playlist/6Bf98QeikFhEmx4I9eaFA1","6Bf98QeikFhEmx4I9eaFA1"
"Atom TM, Chill","https://open.spotify.com/playlist/1gfY14XzLgklsd7hbhD9gs","1gfY14XzLgklsd7hbhD9gs"
"Atom TM, Digital Hardcore","https://open.spotify.com/playlist/0fhOmjyRTApzRhqy4oulzf","0fhOmjyRTApzRhqy4oulzf"
"Atom TM, Electronic Experimental","https://open.spotify.com/playlist/0ektreZOberCoGpFwDYyUy","0ektreZOberCoGpFwDYyUy"
"Atom TM, Electronic Heavy","https://open.spotify.com/playlist/21LF9zp0vqyJxdQP0ioIHj","21LF9zp0vqyJxdQP0ioIHj"
"Atom TM,  Electronic Soft","https://open.spotify.com/playlist/38ml82ODH5HumdFzumWkY0","38ml82ODH5HumdFzumWkY0"
"Atom TM, Glitch","https://open.spotify.com/playlist/7CqvI7yWjT7Vz4SV201NcV","7CqvI7yWjT7Vz4SV201NcV"
"Atom TM, Latin Experimental","https://open.spotify.com/playlist/79MA3K9hkgNXw2WzI0qZT9","79MA3K9hkgNXw2WzI0qZT9"
"Atom TM, Latin Pop","https://open.spotify.com/playlist/7oVg1AjG18TjKEMwzTwKXV","7oVg1AjG18TjKEMwzTwKXV"
"Atom TM, Pop Dark","https://open.spotify.com/playlist/1BqRxVba45sNlEd4Gr6HAp","1BqRxVba45sNlEd4Gr6HAp"
"Atom TM, Pop Light","https://open.spotify.com/playlist/3ANbspvqDje5SguYqQpyow","3ANbspvqDje5SguYqQpyow"
"Atom TM, Starter Pack","https://open.spotify.com/playlist/6wFf3Nk95ob2UiR2DwpvFJ","6wFf3Nk95ob2UiR2DwpvFJ"
"Autechre, Post 2000","https://open.spotify.com/playlist/0j8vOIrlb5iKi2uIsmZqKD","0j8vOIrlb5iKi2uIsmZqKD"
"Autechre, Pre 2000","https://open.spotify.com/playlist/46Vag9YCi7SCH87AUL1iv0","46Vag9YCi7SCH87AUL1iv0"
"Autumn","https://open.spotify.com/playlist/6UhnY0JKXAIp7lpemR460r","6UhnY0JKXAIp7lpemR460r"
"Autechre, Odds & Sods","https://open.spotify.com/playlist/5EEo9Cj8XRSKe7RjKN54Ty","5EEo9Cj8XRSKe7RjKN54Ty"
"Balearic Music","https://open.spotify.com/playlist/0uABCXhc1GhyZdAYbAlY9N","0uABCXhc1GhyZdAYbAlY9N"
"Balearic, Pop","https://open.spotify.com/playlist/2keOQdxWMpQvLqIwVyLmPS","2keOQdxWMpQvLqIwVyLmPS"
"Beach Boys, Experimental","https://open.spotify.com/playlist/36OdtkSojyq4dmnIWBn0Qc","36OdtkSojyq4dmnIWBn0Qc"
"Blues, Chill","https://open.spotify.com/playlist/3BtzIGpDtueO5elQrwl0wB","3BtzIGpDtueO5elQrwl0wB"
"Blues, Early","https://open.spotify.com/playlist/5GOZOzf5d4Dc8FDX9LV8Ze","5GOZOzf5d4Dc8FDX9LV8Ze"
"Boogie","https://open.spotify.com/playlist/6d5BDrtmclL3mxD83zlzOS","6d5BDrtmclL3mxD83zlzOS"
"Brazil, Bumping","https://open.spotify.com/playlist/35EY0l9jOjybuoWAvJqpP8","35EY0l9jOjybuoWAvJqpP8"
"Brazil, Chill","https://open.spotify.com/playlist/1LyJyYFq9U9FRxTMXKudv9","1LyJyYFq9U9FRxTMXKudv9"
"Brazil, Funk & Soul","https://open.spotify.com/playlist/1UOkuNE1cc2sEFh03leunA","1UOkuNE1cc2sEFh03leunA"
"Brazil, Psychedelic","https://open.spotify.com/playlist/5tz0aRB8kJMM15xMyufb3O","5tz0aRB8kJMM15xMyufb3O"
"Brazil, Vibes","https://open.spotify.com/playlist/6WVROZezkHdnoUWeAjNT0k","6WVROZezkHdnoUWeAjNT0k"
"Burnt Friedman","https://open.spotify.com/playlist/4zSxhCWqVhwg4E06wOhIMX","4zSxhCWqVhwg4E06wOhIMX"
"By The Way, Vol. 1","https://open.spotify.com/playlist/4UbuFLeWj0Kd7zzSZ0Y9QA","4UbuFLeWj0Kd7zzSZ0Y9QA"
"By The Way, Vol. 10","https://open.spotify.com/playlist/0doEtzxM03IrKqkym3vxLx","0doEtzxM03IrKqkym3vxLx"
"By The Way, Vol. 2","https://open.spotify.com/playlist/5QkFOYKOH5mGMhjcuER0gv","5QkFOYKOH5mGMhjcuER0gv"
"By The Way, Vol. 3","https://open.spotify.com/playlist/4AG6XFDIQ1Fzlj3GpZnkxb","4AG6XFDIQ1Fzlj3GpZnkxb"
"By The Way, Vol. 4","https://open.spotify.com/playlist/4O9w0ca5V7bdw8TiK9Qvkc","4O9w0ca5V7bdw8TiK9Qvkc"
"By The Way, Vol. 5","https://open.spotify.com/playlist/1mdsTvjqzg9glSr7bWpgAR","1mdsTvjqzg9glSr7bWpgAR"
"By The Way, Vol. 6","https://open.spotify.com/playlist/6qbLpNK4g0JNqcp9ccw2IZ","6qbLpNK4g0JNqcp9ccw2IZ"
"By The Way, Vol. 6","https://open.spotify.com/playlist/6qbLpNK4g0JNqcp9ccw2IZ","6qbLpNK4g0JNqcp9ccw2IZ"
"By The Way, Vol. 8","https://open.spotify.com/playlist/3LrFR2CBxvGPB1k50HA3vD","3LrFR2CBxvGPB1k50HA3vD"
"By The Way, Vol. 9","https://open.spotify.com/playlist/0Nk04NfUz4lGUTo1Fqdw8Y","0Nk04NfUz4lGUTo1Fqdw8Y"
"Calypso, Classic","https://open.spotify.com/playlist/5WlU5dajU5gbw67YomXXPy","5WlU5dajU5gbw67YomXXPy"
"Chamber Pop, 60s","https://open.spotify.com/playlist/0Hz7pxGcFRvGYGoDwTAy1R","0Hz7pxGcFRvGYGoDwTAy1R"
"Chill Worldwide","https://open.spotify.com/playlist/3dMCpjhAA3OjJleYu4yZ8U","3dMCpjhAA3OjJleYu4yZ8U"
"City Pop, Funky","https://open.spotify.com/playlist/4vcecbl4VoDahMfo20uJCu","4vcecbl4VoDahMfo20uJCu"
"City Pop, Smooth","https://open.spotify.com/playlist/4T1ZuyQ3LCPQ8MWRnqYYKq","4T1ZuyQ3LCPQ8MWRnqYYKq"
"Conrad Schnitzler, Starter Pack","https://open.spotify.com/playlist/0KTL1zPh9jlFb4IWw9n28p","0KTL1zPh9jlFb4IWw9n28p"
"Country, Classic","https://open.spotify.com/playlist/2ppUaha7zYPbKfLx2FEF5E","2ppUaha7zYPbKfLx2FEF5E"
"Country, Heartbreakers","https://open.spotify.com/playlist/7rVhtH0nrGdRHCe8YPV8eg","7rVhtH0nrGdRHCe8YPV8eg"
"Dancehall / Ragga, Classic","https://open.spotify.com/playlist/0SD6QYL3tq0WSSBv9do5Pt","0SD6QYL3tq0WSSBv9do5Pt"
"Dinner Party Funk","https://open.spotify.com/playlist/4l73MmRDRCpAXGtxXF4LP1","4l73MmRDRCpAXGtxXF4LP1"
"Drum & Bass, Dark","https://open.spotify.com/playlist/6UeEinPneyvyvyHcHgOyUU","6UeEinPneyvyvyHcHgOyUU"
"Drum & Bass, Light","https://open.spotify.com/playlist/6RGN43GlQ54FPFuKBiZBaP","6RGN43GlQ54FPFuKBiZBaP"
"Drum & Bass, Liquid","https://open.spotify.com/playlist/1r047aOhZGll7o17tpDUWA","1r047aOhZGll7o17tpDUWA"
"Dub","https://open.spotify.com/playlist/21udxWtqkYOyGAjgq631tb","21udxWtqkYOyGAjgq631tb"
"Dub Techno For The Isolation Tank","https://open.spotify.com/playlist/3UDr6AU96BygUUtE3CYumt","3UDr6AU96BygUUtE3CYumt"
"Durutti Column","https://open.spotify.com/playlist/1qd8iDGjMQbXWZInlaUjV4","1qd8iDGjMQbXWZInlaUjV4"
"Dylan Henner","https://open.spotify.com/playlist/2bw2rkrgs27KsDN8V2Vdc2","2bw2rkrgs27KsDN8V2Vdc2"
"Easy Listening","https://open.spotify.com/playlist/7mnOW7OjzJ3VhwoOLfuOPf","7mnOW7OjzJ3VhwoOLfuOPf"
"Electronic, Abandoned Cities","https://open.spotify.com/playlist/5AoZhGIFYyhzfJcOV6hKO3","5AoZhGIFYyhzfJcOV6hKO3"
"Electronic, Downtempo","https://open.spotify.com/playlist/14tVly3NHzR2xGsyAqnQD7","14tVly3NHzR2xGsyAqnQD7"
"Electronic, Experimental Chill","https://open.spotify.com/playlist/2kHGKcLMa08TuhKhYIOor4","2kHGKcLMa08TuhKhYIOor4"
"Electronic, Goth Experiments","https://open.spotify.com/playlist/17MvGxEie2iID1JnlWaH19","17MvGxEie2iID1JnlWaH19"
"Electronic, Imaginary Jungles","https://open.spotify.com/playlist/7ofatheLbWhDDx1WQ0gM2E","7ofatheLbWhDDx1WQ0gM2E"
"Electronic, Industrial Digital Noise Pop","https://open.spotify.com/playlist/3Emcn9mreARZ6PpXCNK8Gt","3Emcn9mreARZ6PpXCNK8Gt"
"Electronic, Melancholic Breakbeats","https://open.spotify.com/playlist/0ugIbsmXT7xQCF24WvqXTP","0ugIbsmXT7xQCF24WvqXTP"
"Electronic, Skittering Beats And Moody Synths","https://open.spotify.com/playlist/5c97WzcOSqn7YL746H58mF","5c97WzcOSqn7YL746H58mF"
"Electronic, Unpredictable Rhythms","https://open.spotify.com/playlist/190cu5KJIW9msJH4L28Om6","190cu5KJIW9msJH4L28Om6"
"Electronic, Wonky House And Techno","https://open.spotify.com/playlist/4PLGnyHkSj05PkvsxmcMvM","4PLGnyHkSj05PkvsxmcMvM"
"Electronica, Light","https://open.spotify.com/playlist/2drGk1NoK2uliqh0j3KEIS","2drGk1NoK2uliqh0j3KEIS"
"Elvis, Rockin'","https://open.spotify.com/playlist/324FB8PjZlIPTo1iE3goGS","324FB8PjZlIPTo1iE3goGS"
"Elvis, Melancholy","https://open.spotify.com/playlist/7lvkGgbhbzHwWuhP4eUkZd","7lvkGgbhbzHwWuhP4eUkZd"
"Ennio Morricone","https://open.spotify.com/playlist/2xdrmYvF619UlN3ycp3bNt","2xdrmYvF619UlN3ycp3bNt"
"Envy","https://open.spotify.com/playlist/5UwJ6VzCES8mC1KtAWjwQA","5UwJ6VzCES8mC1KtAWjwQA"
"Enya","https://open.spotify.com/playlist/5ZnCWOyyceYfzFPTlQTtt5","5ZnCWOyyceYfzFPTlQTtt5"
"Experimental, Ancient","https://open.spotify.com/playlist/3VvmF9WRJDFtSOswhMhd0u","3VvmF9WRJDFtSOswhMhd0u"
"Experimental, Celestial Digital Pop","https://open.spotify.com/playlist/5wlP2D6o6MtR3ym9wzBpvU","5wlP2D6o6MtR3ym9wzBpvU"
"Experimental, Durational Dissonance","https://open.spotify.com/playlist/5L1uBkB1Qun4adzwC3hyw0","5L1uBkB1Qun4adzwC3hyw0"
"Experimental, Dying Cities","https://open.spotify.com/playlist/0mHgCb5Y5X2jj97bshAZ2O","0mHgCb5Y5X2jj97bshAZ2O"
"Experimental, Guitar Glitch Ambient","https://open.spotify.com/playlist/6SkxYE5NBMEXwEdRyF0u5F","6SkxYE5NBMEXwEdRyF0u5F"
"Experimental, Guitar Haze","https://open.spotify.com/playlist/6XMAIFQLPBMpycUI7urUrl","6XMAIFQLPBMpycUI7urUrl"
"Fennesz","https://open.spotify.com/playlist/5J3Gkm8Z0MN0jGxlcrgdoq","5J3Gkm8Z0MN0jGxlcrgdoq"
"Fennesz, Starter Pack","https://open.spotify.com/playlist/6v5qQ9Uk0meKPbgy08ZUSe","6v5qQ9Uk0meKPbgy08ZUSe"
"Flamenco","https://open.spotify.com/playlist/3B5mUKzMnB6dmbjByHTevx","3B5mUKzMnB6dmbjByHTevx"
"Flamenco, Bulerías","https://open.spotify.com/playlist/2KCZR6Lj2arKEtr0LtGC2v","2KCZR6Lj2arKEtr0LtGC2v"
"Flamenco, Guitar","https://open.spotify.com/playlist/3p71pRZMixpIo4cOVAGWHg","3p71pRZMixpIo4cOVAGWHg"
"Flanger","https://open.spotify.com/playlist/3ae9hVmttiHPHxXRjsJpXH","3ae9hVmttiHPHxXRjsJpXH"
"France, Vintage Pop","https://open.spotify.com/playlist/2yaViv3Jmrh40tOwc7DXQz","2yaViv3Jmrh40tOwc7DXQz"
"France, Vintage Mellow","https://open.spotify.com/playlist/3CiekaZIGQmJyHus4bQ2ta","3CiekaZIGQmJyHus4bQ2ta"
"Frank Zappa, Chill","https://open.spotify.com/playlist/52lkyYKaYr641xjWZfVoEY","52lkyYKaYr641xjWZfVoEY"
"Frank Zappa, Doo Wop","https://open.spotify.com/playlist/61zeKfQ3ijwLglhbwrybEG","61zeKfQ3ijwLglhbwrybEG"
"Frank Zappa, Guitar","https://open.spotify.com/playlist/3xXvYq8t8kfcwEV8ktQMpS","3xXvYq8t8kfcwEV8ktQMpS"
"Frank Zappa, Psychedelic Pop","https://open.spotify.com/playlist/3Wo4SCkRNL0gGfB8TXCIHN","3Wo4SCkRNL0gGfB8TXCIHN"
"Fumio Miyashita","https://open.spotify.com/playlist/1UEPQwZNOQ9AGazYrG53vN","1UEPQwZNOQ9AGazYrG53vN"
"Fumio Miyashita, Ambient","https://open.spotify.com/playlist/4z13KHa9XXWtM7WvuowxmR","4z13KHa9XXWtM7WvuowxmR"
"Fumio Miyashita, Oddballs","https://open.spotify.com/playlist/6bL8QQmsqpB9TER65zLiEv","6bL8QQmsqpB9TER65zLiEv"
"Worldwide, Funk","https://open.spotify.com/playlist/4KBVVENkjPTtYAfGBuzYTA","4KBVVENkjPTtYAfGBuzYTA"
"Gqom, Club","https://open.spotify.com/playlist/2TJp9jSy5LgUCvsXVGp0Lf","2TJp9jSy5LgUCvsXVGp0Lf"
"Gqom, Pop","https://open.spotify.com/playlist/23xAyUghMaGL37g1cY6EcC","23xAyUghMaGL37g1cY6EcC"
"Gqom, Sgubhu","https://open.spotify.com/playlist/29KTqtOetJjYWtq9Sx43uN","29KTqtOetJjYWtq9Sx43uN"
"Gqom, Sgubhu Pop","https://open.spotify.com/playlist/6hjHs1OP9N81cjBWaloK2U","6hjHs1OP9N81cjBWaloK2U"
"Gqom, Starter Pack","https://open.spotify.com/playlist/3O4xMBJh0FzRB9VQzhlrHT","3O4xMBJh0FzRB9VQzhlrHT"
"Grouper","https://open.spotify.com/playlist/2SHxGmuZ2HujiioJaD27FO","2SHxGmuZ2HujiioJaD27FO"
"Haunted Ballroom, Happy","https://open.spotify.com/playlist/4qYg98RGnv7dgvPI1nUMS0","4qYg98RGnv7dgvPI1nUMS0"
"Haunted Ballroom, Sad","https://open.spotify.com/playlist/4t40RSBwcNxMqJydp1uAey","4t40RSBwcNxMqJydp1uAey"
"Hip-Hop, 1985-1992","https://open.spotify.com/playlist/45ef5ZFbUS1A9xbdN1z0UI","45ef5ZFbUS1A9xbdN1z0UI"
"Hip-Hop, 90s / 00s Lyricists","https://open.spotify.com/playlist/6GEueaSM77AsYCxWyzwPMu","6GEueaSM77AsYCxWyzwPMu"
"Hip-Hop, Dusty","https://open.spotify.com/playlist/2ogFcAiym0RFZcCBeZjt15","2ogFcAiym0RFZcCBeZjt15"
"Hip-Hop, Hard Beats","https://open.spotify.com/playlist/7o2cxVKUaI9AZGWZRkL9tU","7o2cxVKUaI9AZGWZRkL9tU"
"Hip-Hop, Instrumentals","https://open.spotify.com/playlist/0ncTGb5nYCSgaOUkd1x712","0ncTGb5nYCSgaOUkd1x712"
"Hip-Hop, Melancholy","https://open.spotify.com/playlist/4t1W7mhETrnjU2Pf80xwrw","4t1W7mhETrnjU2Pf80xwrw"
"Hip-Hop, Neo-Soul","https://open.spotify.com/playlist/6ytlQprNhQfq9ffoRfRQd8","6ytlQprNhQfq9ffoRfRQd8"
"House, Ambient","https://open.spotify.com/playlist/6mgF0aptvQFOXqzhQUd5as","6mgF0aptvQFOXqzhQUd5as"
"House, Classic","https://open.spotify.com/playlist/4ajFPfYGS3qWNBqayn657a","4ajFPfYGS3qWNBqayn657a"
"House, Melodic","https://open.spotify.com/playlist/29wlJpS2YVtkhrfZhVJnS6","29wlJpS2YVtkhrfZhVJnS6"
"House, Deep","https://open.spotify.com/playlist/6TlFQBfaT09Wn2KQJwLS8Y","6TlFQBfaT09Wn2KQJwLS8Y"
"House, Dusty","https://open.spotify.com/playlist/4mvVlZQtTUyjZrp861cA5E","4mvVlZQtTUyjZrp861cA5E"
"Ida","https://open.spotify.com/playlist/6NxExdlX7s1guOiOV113vS","6NxExdlX7s1guOiOV113vS"
"IDM, Sweet Melodic","https://open.spotify.com/playlist/2xFyXwFri0tdL8nxpgOC9q","2xFyXwFri0tdL8nxpgOC9q"
"Italo, Classic","https://open.spotify.com/playlist/5glbvGn5xSIdz9YrJOGsB8","5glbvGn5xSIdz9YrJOGsB8"
"Jamaica, Laidback Reggae","https://open.spotify.com/playlist/0xZOcwDqdlXIlPMJ9s1Hpn","0xZOcwDqdlXIlPMJ9s1Hpn"
"Jamaica, Lovers Rock","https://open.spotify.com/playlist/2FpnkcZ4t7bk2U2ZOwBFo1","2FpnkcZ4t7bk2U2ZOwBFo1"
"Jamaica, Vintage Pop","https://open.spotify.com/playlist/6qvYFMl5Oi20xDwp3NI2m1","6qvYFMl5Oi20xDwp3NI2m1"
"Jazz, Cool","https://open.spotify.com/playlist/6JamVsgQovLlEJpeRSZNm0","6JamVsgQovLlEJpeRSZNm0"
"Jazz, Funk","https://open.spotify.com/playlist/0HxkDTZ7Rn6MPc1cxW5Ebo","0HxkDTZ7Rn6MPc1cxW5Ebo"
"Joel Vandroogenbroeck","https://open.spotify.com/playlist/1BMah5LPTWE3neS65MAPuw","1BMah5LPTWE3neS65MAPuw"
"Juan Atkins","https://open.spotify.com/playlist/7Ga6hmUrgNYSTjv9QB0AkN","7Ga6hmUrgNYSTjv9QB0AkN"
"Kaitlyn Aurelia Smith","https://open.spotify.com/playlist/0KgOIkKdusJaNacdLIiTLq","0KgOIkKdusJaNacdLIiTLq"
"Kizomba","https://open.spotify.com/playlist/4GaYoCJDi3Qhe98OpfbjSB","4GaYoCJDi3Qhe98OpfbjSB"
"Kosmische, Experimental","https://open.spotify.com/playlist/29JLxwF7qgz9U728ItoXDq","29JLxwF7qgz9U728ItoXDq"
"Kosmische, Hard","https://open.spotify.com/playlist/5N38RVZ9Gb5QGBitpKkQFo","5N38RVZ9Gb5QGBitpKkQFo"
"Kosmische, Soft","https://open.spotify.com/playlist/5t5TERlOsq8FCNCmTWruAd","5t5TERlOsq8FCNCmTWruAd"
"Krautrock, Jams","https://open.spotify.com/playlist/6dIDWTQUSAhtXRI5yaQDIk","6dIDWTQUSAhtXRI5yaQDIk"
"Kuduro, Contemporary","https://open.spotify.com/playlist/1JzVHpTufezNSitui6Ffy9","1JzVHpTufezNSitui6Ffy9"
"Kuduro, Contemporary Riddims","https://open.spotify.com/playlist/2p1KJJdxxHv0dCYAyeCTnq","2p1KJJdxxHv0dCYAyeCTnq"
"Kuduro, Vintage","https://open.spotify.com/playlist/6aIvMUe2j5VhKg3xwyBvwk","6aIvMUe2j5VhKg3xwyBvwk"
"Kuduro, Vintage Riddims","https://open.spotify.com/playlist/7sDbuu4ieGAH7UBsYHKP1m","7sDbuu4ieGAH7UBsYHKP1m"
"Kwaito, Old School MCs","https://open.spotify.com/playlist/0fKO5OJH3s9Q22I2jZugHj","0fKO5OJH3s9Q22I2jZugHj"
"Kwaito, Swinging Beats","https://open.spotify.com/playlist/0k2zxQo8Edl0CETWtWc55A","0k2zxQo8Edl0CETWtWc55A"
"Kwaito, Vintage Chill","https://open.spotify.com/playlist/7J6zWe0hmH2nLTJIkOp8my","7J6zWe0hmH2nLTJIkOp8my"
"Latin, Classic","https://open.spotify.com/playlist/5EeajVJruvEUJVMZpN46CV","5EeajVJruvEUJVMZpN46CV"
"Latin, Melancholic Electronic","https://open.spotify.com/playlist/2WnZsaSgobROLPhOchSJHd","2WnZsaSgobROLPhOchSJHd"
"Lounge, Chill","https://open.spotify.com/playlist/4HghV31aYNXfJ4Trya75LO","4HghV31aYNXfJ4Trya75LO"
"Lounge, Kicking","https://open.spotify.com/playlist/1ptQmt2hZgvdOxQEwcHyr6","1ptQmt2hZgvdOxQEwcHyr6"
"Low","https://open.spotify.com/playlist/0udTXhkUWAdtzrOiEJiz39","0udTXhkUWAdtzrOiEJiz39"
"Low, Experimental","https://open.spotify.com/playlist/3sjgWUk3ERcgJ8MB6MQbKk","3sjgWUk3ERcgJ8MB6MQbKk"
"Low, Heartbreakers","https://open.spotify.com/playlist/6LIC0W2ofmB70zF6sdCFpN","6LIC0W2ofmB70zF6sdCFpN"
"Low, Starter Pack","https://open.spotify.com/playlist/7E7C6yWwLIH94UD04IgxMp","7E7C6yWwLIH94UD04IgxMp"
"Mbaqanga","https://open.spotify.com/playlist/0hAxNZJSIZm7HXuXHb27Oc","0hAxNZJSIZm7HXuXHb27Oc"
"Minimal, Dark, And Cold Wave","https://open.spotify.com/playlist/1gqMzx9sBjxqV7KZdklX6D","1gqMzx9sBjxqV7KZdklX6D"
"Minimalism","https://open.spotify.com/playlist/4gWPyGP3YQ0pEwvjGrppui","4gWPyGP3YQ0pEwvjGrppui"
"Motorik, Driving","https://open.spotify.com/playlist/0i1OLsMet1wIinprJ1RwpU","0i1OLsMet1wIinprJ1RwpU"
"Motorik, Experimental","https://open.spotify.com/playlist/5zevzkyYsElZjgXshRRk7X","5zevzkyYsElZjgXshRRk7X"
"Motorik, Heavy","https://open.spotify.com/playlist/2fdrBObWM9Z3zwc0fvED1K","2fdrBObWM9Z3zwc0fvED1K"
"Motorik, Kosmische","https://open.spotify.com/playlist/23rnPLrs43FaApw9iEKcKI","23rnPLrs43FaApw9iEKcKI"
"Motorik, Pop","https://open.spotify.com/playlist/4CISczSdnqptCJwJMLmX44","4CISczSdnqptCJwJMLmX44"
"New Age","https://open.spotify.com/playlist/34VDXlkPoDtWY4HJiUSS0S","34VDXlkPoDtWY4HJiUSS0S"
"Pacific Island, Chill","https://open.spotify.com/playlist/2QTLDWD5tkHyT8NoBL6vc1","2QTLDWD5tkHyT8NoBL6vc1"
"Pedro The Lion","https://open.spotify.com/playlist/3KyFoSqEO5wfH1caFk0wcQ","3KyFoSqEO5wfH1caFk0wcQ"
"Pete Namlook, Beatless","https://open.spotify.com/playlist/0i8MbevtK0NobhOG6Pl6M2","0i8MbevtK0NobhOG6Pl6M2"
"Pete Namlook, Beats","https://open.spotify.com/playlist/6e7ichVtHQy7lrCYZmL91D","6e7ichVtHQy7lrCYZmL91D"
"Pete Namlook, Starter Pack","https://open.spotify.com/playlist/69S7ZCU4vIxl79SkQsunNr","69S7ZCU4vIxl79SkQsunNr"
"Piano Magic","https://open.spotify.com/playlist/6kk2eEo7frhsy1M3JJYAtr","6kk2eEo7frhsy1M3JJYAtr"
"Piano Magic, Starter Pack","https://open.spotify.com/playlist/1Rw3Poaf3tKq3CpL9JDhj4","1Rw3Poaf3tKq3CpL9JDhj4"
"Piero Umiliani","https://open.spotify.com/playlist/1WimpreVw6J5FncbYTnEQL","1WimpreVw6J5FncbYTnEQL"
"Plaid","https://open.spotify.com/playlist/7cixJXs6wfbIB9Bq5mWUDU","7cixJXs6wfbIB9Bq5mWUDU"
"Pop, Widescreen","https://open.spotify.com/playlist/3vWeZg8Wc05IcM997IjZTR","3vWeZg8Wc05IcM997IjZTR"
"Popol Vuh","https://open.spotify.com/playlist/0122aW4M9yQf5jURVCqKxg","0122aW4M9yQf5jURVCqKxg"
"Post-Hardcore","https://open.spotify.com/playlist/0EBrHLUMkJ7KDT0mB3SHHp","0EBrHLUMkJ7KDT0mB3SHHp"
"Post-Rock , Abstract & Experimental","https://open.spotify.com/playlist/7t6BWfX2yATUESHBjjT8GL","7t6BWfX2yATUESHBjjT8GL"
"Post-Rock, Chiming Guitars","https://open.spotify.com/playlist/4INhC3FsHQjrSkT32DQ3O1","4INhC3FsHQjrSkT32DQ3O1"
"Post-Rock, Crescendo-Core","https://open.spotify.com/playlist/1CW3BeW1dhuoeYQmpJxTlb","1CW3BeW1dhuoeYQmpJxTlb"
"Post-Rock, Floating","https://open.spotify.com/playlist/5qskBZ5AtoFhxuSlHfzPu9","5qskBZ5AtoFhxuSlHfzPu9"
"Post-Rock, Hushed","https://open.spotify.com/playlist/7IBdDhAQhkQf7yb4FD5uG7","7IBdDhAQhkQf7yb4FD5uG7"
"Post-Rock, Menacing","https://open.spotify.com/playlist/7nMMHEndjoyS1pRUUUFdsb","7nMMHEndjoyS1pRUUUFdsb"
"R&B, 80s Dance","https://open.spotify.com/playlist/4JNaiwn6gILzPhBZuY6XVT","4JNaiwn6gILzPhBZuY6XVT"
"R&B, 80s Smooth","https://open.spotify.com/playlist/0Y3tf9n3ZoeCPjcaOVUCK4","0Y3tf9n3ZoeCPjcaOVUCK4"
"R&B, 90s","https://open.spotify.com/playlist/0Ndfmhc9g1RZf3Vj3V0p2I","0Ndfmhc9g1RZf3Vj3V0p2I"
"R&B, 90s Smooth","https://open.spotify.com/playlist/1LWecnTljQAO3XzGF80mGX","1LWecnTljQAO3XzGF80mGX"
"R&B, Early 90s Dance","https://open.spotify.com/playlist/1mZVsDWQWDp1TU5vxzmCUu","1mZVsDWQWDp1TU5vxzmCUu"
"R&B, Late 90s Dance","https://open.spotify.com/playlist/39eDp2FU6Ycl6L71U4x1kP","39eDp2FU6Ycl6L71U4x1kP"
"R&B, 00s Smooth","https://open.spotify.com/playlist/103DjsnbAe66QM3TxarGOH","103DjsnbAe66QM3TxarGOH"
"R&B, 00s Dance","https://open.spotify.com/playlist/2EYWNrvf9YZ13CKnWmugMA","2EYWNrvf9YZ13CKnWmugMA"
"R&B, 2020s Dance","https://open.spotify.com/playlist/1LERLunLhB8ZQgF3ac2uld","1LERLunLhB8ZQgF3ac2uld"
"R&B, Baby Makers","https://open.spotify.com/playlist/3V8pm5kg6Mtrn9ZG9BRjHC","3V8pm5kg6Mtrn9ZG9BRjHC"
"R&B, Contemporary Melancholy","https://open.spotify.com/playlist/4eAWxVJ0lFbdnJtH1zwPj1","4eAWxVJ0lFbdnJtH1zwPj1"
"R&B, Disco/Funk","https://open.spotify.com/playlist/0nelOIguQDxjvlnjxsYUPk","0nelOIguQDxjvlnjxsYUPk"
"R&B, Insecure","https://open.spotify.com/playlist/1jR541cL9M86SENJLo8C5Z","1jR541cL9M86SENJLo8C5Z"
"R&B, Neo-Soul","https://open.spotify.com/playlist/7kBpPxfVfDjabvWJTERN9m","7kBpPxfVfDjabvWJTERN9m"
"R&B, New Jack Swing","https://open.spotify.com/playlist/7iqiTMs0ioTzq8JborXxww","7iqiTMs0ioTzq8JborXxww"
"R&B, Vintage Dreamy","https://open.spotify.com/playlist/2HrMsMr8MwvDzVksVLecU0","2HrMsMr8MwvDzVksVLecU0"
"Rock, Classic Rock Radio","https://open.spotify.com/playlist/2IPPTvXMybu0a7Kxpucyt6","2IPPTvXMybu0a7Kxpucyt6"
"Rock, Early","https://open.spotify.com/playlist/4sU6xgGgzq1rvTwIr9pn2g","4sU6xgGgzq1rvTwIr9pn2g"
"Roedelius","https://open.spotify.com/playlist/2TuogtPJDz41rGTuU65h7t","2TuogtPJDz41rGTuU65h7t"
"Rock, 60s Beat","https://open.spotify.com/playlist/0HRVcXDzzd94E4QHti4PsF","0HRVcXDzzd94E4QHti4PsF"
"Sad Sierreño","https://open.spotify.com/playlist/5NIKQD4Prb46y8q6abIZbr","5NIKQD4Prb46y8q6abIZbr"
"Sad Songs","https://open.spotify.com/playlist/55CZUkRj0yN2EjdgEcV6MK","55CZUkRj0yN2EjdgEcV6MK"
"Sad Songs, Vintage","https://open.spotify.com/playlist/7uPA4n8Iczp12iCCaOSQEc","7uPA4n8Iczp12iCCaOSQEc"
"Sadcore","https://open.spotify.com/playlist/6IVx23etgXXegE3RsxSGCG","6IVx23etgXXegE3RsxSGCG"
"Schaffel Brutal","https://open.spotify.com/playlist/5G5wz4LA2FTM6bFWlC5RYl","5G5wz4LA2FTM6bFWlC5RYl"
"Schaffel Dance","https://open.spotify.com/playlist/7jboEdkfT4WVRFsfkEB0PT","7jboEdkfT4WVRFsfkEB0PT"
"Schaffel Pop","https://open.spotify.com/playlist/31058wKDUlYfoDC2CaQbJO","31058wKDUlYfoDC2CaQbJO"
"Sigur Ros","https://open.spotify.com/playlist/6QlB6lCFuciiXnqtFVCrSG","6QlB6lCFuciiXnqtFVCrSG"
"Singeli","https://open.spotify.com/playlist/4CuRoDiG1XkYAfyVbYudn2","4CuRoDiG1XkYAfyVbYudn2"
"Ska, 1st Wave","https://open.spotify.com/playlist/3pODeVmPFBJWIEHdqe2JOw","3pODeVmPFBJWIEHdqe2JOw"
"Ska, 2nd Wave","https://open.spotify.com/playlist/1d1uxdit0qouRB8HSSZkYK","1d1uxdit0qouRB8HSSZkYK"
"Ska, Punk","https://open.spotify.com/playlist/7M2YkCrreZcCo1y2dAezji","7M2YkCrreZcCo1y2dAezji"
"Ska, Revival","https://open.spotify.com/playlist/6blmqbvsh35nfQsnaShov1","6blmqbvsh35nfQsnaShov1"
"Slowcore","https://open.spotify.com/playlist/3SQMC9fmX7TDhisrrUPJYv","3SQMC9fmX7TDhisrrUPJYv"
"Solo Guitar","https://open.spotify.com/playlist/79BmpH4MjeMOXURUAKtkqP","79BmpH4MjeMOXURUAKtkqP"
"Soukous, Chill","https://open.spotify.com/playlist/68lX5odNBw4ZUIf6lwuD0K","68lX5odNBw4ZUIf6lwuD0K"
"Soukous, Dance","https://open.spotify.com/playlist/3J41W0OJt9rZ7aXp0YxgVq","3J41W0OJt9rZ7aXp0YxgVq"
"South Africa, 80s Electronic","https://open.spotify.com/playlist/5Xlen6tPKCFsZmLdIur3oc","5Xlen6tPKCFsZmLdIur3oc"
"Stereolab","https://open.spotify.com/playlist/5NGjyh1cP001mb0Vj7eI2i","5NGjyh1cP001mb0Vj7eI2i"
"Stereolab, Chill","https://open.spotify.com/playlist/01WFsmlAOEFrhvWv2wmlMQ","01WFsmlAOEFrhvWv2wmlMQ"
"Stereolab, Rocking","https://open.spotify.com/playlist/2BImwtu5N4w8ISUyEz02KY","2BImwtu5N4w8ISUyEz02KY"
"Stereolab, Starter Pack","https://open.spotify.com/playlist/5wsUdlQfWxJgY0fs4EQlCp","5wsUdlQfWxJgY0fs4EQlCp"
"Stereolab, Trance","https://open.spotify.com/playlist/0prgQ5apMfwDfibjmBSOQC","0prgQ5apMfwDfibjmBSOQC"
"STL","https://open.spotify.com/playlist/6adaBoksgJLDOLG3EAXyFS","6adaBoksgJLDOLG3EAXyFS"
"Summer Patio Songs","https://open.spotify.com/playlist/6MTgMAQnjy5Mndnnkp7IqF","6MTgMAQnjy5Mndnnkp7IqF"
"Sunday Morning Songs","https://open.spotify.com/playlist/4mCw3o2IsXlrOSNBPcmeAP","4mCw3o2IsXlrOSNBPcmeAP"
"Synth, Cinematic Soundtracks","https://open.spotify.com/playlist/72OdLCCGcitJIa73G4mNzm","72OdLCCGcitJIa73G4mNzm"
"Synth, Ecstatic Minimalist Experiments","https://open.spotify.com/playlist/78ztWdz2a8IHzeE07OlhNG","78ztWdz2a8IHzeE07OlhNG"
"Synth, Foggy German Forest","https://open.spotify.com/playlist/5r8IaxNi8opFwLoyCesOyo","5r8IaxNi8opFwLoyCesOyo"
"Synth, Modular Experiments","https://open.spotify.com/playlist/7KHbhmrCNBAfNV3RjtI2Z1","7KHbhmrCNBAfNV3RjtI2Z1"
"Synth, Modular Heartstrings","https://open.spotify.com/playlist/3MeQb9w6DyBDUPsCSFm0AV","3MeQb9w6DyBDUPsCSFm0AV"
"Synth, Mysterious And Meandering","https://open.spotify.com/playlist/2f2vaWoVuRwFRe8TWyZMNf","2f2vaWoVuRwFRe8TWyZMNf"
"Synth, Pop 80s","https://open.spotify.com/playlist/1EYi0qpdz5Bjg4VKU72pgw","1EYi0qpdz5Bjg4VKU72pgw"
"Synth, Pop Dystopia","https://open.spotify.com/playlist/23kwbD9v5OwL5NttI5Wi7L","23kwbD9v5OwL5NttI5Wi7L"
"Synth, Pop Melancholy","https://open.spotify.com/playlist/3fqFDtNtJD6c944JqR3BJk","3fqFDtNtJD6c944JqR3BJk"
"Synth, Pop Oddballs","https://open.spotify.com/playlist/6PX1l0rEh8qic58XWicjCW","6PX1l0rEh8qic58XWicjCW"
"Tangerine Dream","https://open.spotify.com/playlist/52u7Symo7F5rSXMiZYZQM0","52u7Symo7F5rSXMiZYZQM0"
"Tangerine Dream, Starter Pack","https://open.spotify.com/playlist/01xadoQPTcurDz1D0N0gaS","01xadoQPTcurDz1D0N0gaS"
"Techno, Ambient","https://open.spotify.com/playlist/14gNQFofbgehKbjuGRDjYF","14gNQFofbgehKbjuGRDjYF"
"Techno, Banging","https://open.spotify.com/playlist/51CCISbMvqoCtPGBtzBu4z","51CCISbMvqoCtPGBtzBu4z"
"Techno, Classic","https://open.spotify.com/playlist/5FWVC2i6UmcRnNIpglIPza","5FWVC2i6UmcRnNIpglIPza"
"Techno, Underwater","https://open.spotify.com/playlist/35T8R9tnyLaWoUxsvbFUso","35T8R9tnyLaWoUxsvbFUso"
"Techno, Warehouse","https://open.spotify.com/playlist/4udXDYPVQkrNtO3kFnNTf8","4udXDYPVQkrNtO3kFnNTf8"
"Trance, Ambient","https://open.spotify.com/playlist/50XdE7dVALQlWqWUsP9DFB","50XdE7dVALQlWqWUsP9DFB"
"Trance, Experimental","https://open.spotify.com/playlist/6hbscYG3B064ISp7YG7xQN","6hbscYG3B064ISp7YG7xQN"
"Tuareg","https://open.spotify.com/playlist/4o0c8W5Id10GtkYk3oy3kT","4o0c8W5Id10GtkYk3oy3kT"
"Turkey, Psych Funk","https://open.spotify.com/playlist/5KbaR8a7zeviUEcXaRhdeY","5KbaR8a7zeviUEcXaRhdeY"
"Vintage, Dreamy Melancholy","https://open.spotify.com/playlist/7KWwgSvlc6BD9wNJu42jBJ","7KWwgSvlc6BD9wNJu42jBJ"
"Vocal Groups, Sad","https://open.spotify.com/playlist/6QGMgg9EajTWLqnU4oudMB","6QGMgg9EajTWLqnU4oudMB"
"Xitsonga / Shangaan Electro / Tsonga","https://open.spotify.com/playlist/18LxXda7N8s9t6zd3BUL8q","18LxXda7N8s9t6zd3BUL8q"
"Xitsonga / Shangaan Electro / Tsonga  Starter Pack","https://open.spotify.com/playlist/53OY7nCXvUT4FTsufqPMm4","53OY7nCXvUT4FTsufqPMm4"
"Yet They Say, Vol. 10","https://open.spotify.com/playlist/3C3HHuZvOnCfhajCGvRL8F","3C3HHuZvOnCfhajCGvRL8F"
"Yet They Say, Vol. 2","https://open.spotify.com/playlist/6AerysrLyESVjtAPpok7NY","6AerysrLyESVjtAPpok7NY"
"Yet They Say, Vol. 3","https://open.spotify.com/playlist/3X8frQ1tWM5SSmGhns0pYb","3X8frQ1tWM5SSmGhns0pYb"
"Yet They Say, Vol. 4","https://open.spotify.com/playlist/0jmp8wWpPIkGWg5nm4LNwe","0jmp8wWpPIkGWg5nm4LNwe"
"Yet They Say, Vol. 5","https://open.spotify.com/playlist/0M6rPpreVz86WKq0Ag6kFO","0M6rPpreVz86WKq0Ag6kFO"
"Yet They Say, Vol. 6","https://open.spotify.com/playlist/21MO7VSPe24bjCOtdt2wrg","21MO7VSPe24bjCOtdt2wrg"
"Yet They Say, Vol. 7","https://open.spotify.com/playlist/3DDwCdkwUPEcDQbdwGmjVW","3DDwCdkwUPEcDQbdwGmjVW"
"Yet They Say, Vol. 8","https://open.spotify.com/playlist/6sdKnK1EXsLMGGwikpV84x","6sdKnK1EXsLMGGwikpV84x"
"Yet They Say, Vol. 9","https://open.spotify.com/playlist/6phFkBNKX9DPKjczwMr0lx","6phFkBNKX9DPKjczwMr0lx"
"Zouk, Fast","https://open.spotify.com/playlist/0ZnY8eOB1DHCLdg2QG5Rjh","0ZnY8eOB1DHCLdg2QG5Rjh"
"Zouk, Slow","https://open.spotify.com/playlist/1dIQnuEk89elNqWJ2TwCP3","1dIQnuEk89elNqWJ2TwCP3"
"Zouk, Smooth","https://open.spotify.com/playlist/751iikDbmoyjUBeWFSfWaN","751iikDbmoyjUBeWFSfWaN"
"Zouk, Starter Pack","https://open.spotify.com/playlist/2rsEmyzKoYTgXerSjeB0IK","2rsEmyzKoYTgXerSjeB0IK"
"Azonto / Hiplife","https://open.spotify.com/playlist/6Naq3yvuVoBL27KgY2Svf6","6Naq3yvuVoBL27KgY2Svf6"
"Príncipe, Chill","https://open.spotify.com/playlist/0s9M3fBKWFJmVhAiieCjkt","0s9M3fBKWFJmVhAiieCjkt"
"Highlife, Vintage Peppy","https://open.spotify.com/playlist/4QjHU0dwRyFv8aP31CXmRx","4QjHU0dwRyFv8aP31CXmRx"
"Rumba, Vintage","https://open.spotify.com/playlist/4q0CkBcLH3ceq6OB0PfUU8","4q0CkBcLH3ceq6OB0PfUU8"
"Tigrinya, Vintage","https://open.spotify.com/playlist/3BXK08wohNho0wCHBiiv9I","3BXK08wohNho0wCHBiiv9I"
"Tigrinya","https://open.spotify.com/playlist/7do7DrHqlGF9Ft7NbtwGGL","7do7DrHqlGF9Ft7NbtwGGL"
"Sega","https://open.spotify.com/playlist/3G3NcjYPEyVjepUGzPUyxI","3G3NcjYPEyVjepUGzPUyxI"
"Xitsonga / Tsonga, Downtempo","https://open.spotify.com/playlist/0mEs3YsF8hKDwj0HPznfT9","0mEs3YsF8hKDwj0HPznfT9"
"Sega, Psych","https://open.spotify.com/playlist/4ARXoTlqKTuAQhg2k8HeJX","4ARXoTlqKTuAQhg2k8HeJX"
"Mbalax, Mark Ernestus","https://open.spotify.com/playlist/36iFMNygMeRRlL5SgWtmER","36iFMNygMeRRlL5SgWtmER"
"Dr. Thomas Chauke","https://open.spotify.com/playlist/4rhVBRU9Qup1O5IYEKiIrs","4rhVBRU9Qup1O5IYEKiIrs"
"Worldwide, Chiming Guitar","https://open.spotify.com/playlist/4xIaYhRmf8rV4W7Kzy0Ssn","4xIaYhRmf8rV4W7Kzy0Ssn"
"Worldwide, Smooth Mid-Tempo R&B","https://open.spotify.com/playlist/01gAq5hKTsncsfQMc5XGTR","01gAq5hKTsncsfQMc5XGTR"
"Africa, Smooth Bangers","https://open.spotify.com/playlist/7fo8PWonDWZFvhR7ThcC9c","7fo8PWonDWZFvhR7ThcC9c"
"Africa, Acoustic Bangers","https://open.spotify.com/playlist/5ZUk2gZ2DEbrAzuIdnbs6R","5ZUk2gZ2DEbrAzuIdnbs6R"
"Africa, Hype Bangers","https://open.spotify.com/playlist/1DnMnLRsztUXlnzqC2KhPB","1DnMnLRsztUXlnzqC2KhPB"
"Igbo, Trips","https://open.spotify.com/playlist/24BPg0ssxlfyIcZgEKdpGv","24BPg0ssxlfyIcZgEKdpGv"
"Worldwide, Chanting And Drumming","https://open.spotify.com/playlist/5zCl1AYh66oiLKfBM5yz3q","5zCl1AYh66oiLKfBM5yz3q"
"Africa, Vintage","https://open.spotify.com/playlist/3qxhw7DmQrTXEQ3O58hWGd","3qxhw7DmQrTXEQ3O58hWGd"
"Afrobeats, Groovers","https://open.spotify.com/playlist/72zKIZG8bXjGHpQJW2DfUW","72zKIZG8bXjGHpQJW2DfUW"
"Rock, Soft","https://open.spotify.com/playlist/5HpHVYYyaDgBnGlaPmLbyB","5HpHVYYyaDgBnGlaPmLbyB"
"Rock, Smooth","https://open.spotify.com/playlist/3FWefoSEYkM6sDCwo0fAxc","3FWefoSEYkM6sDCwo0fAxc"
